{
  "name": "ensemble_rf_mlp",
  "best_params": {
    "voting": "soft",
    "components": [
      "random_forest",
      "mlp"
    ]
  },
  "best_cv_score": null,
  "fit_seconds": 0.167494535446167,
  "n_train_used": 1981520,
  "n_test": 424612,
  "test_metrics": {
    "accuracy": 0.9981394779233748,
    "precision": 0.9921126091346439,
    "recall": 0.998493669826772,
    "f1": 0.9952929119595786,
    "auc": 0.9999484648857413,
    "tpr": 0.998493669826772,
    "fpr": 0.0019474139574443125,
    "confusion_matrix": {
      "tn": 340301,
      "fp": 664,
      "fn": 126,
      "tp": 83521
    }
  },
  "saved_at": "2026-04-27"
}