{
  "name": "knn",
  "best_params": {
    "clf__n_neighbors": 5,
    "clf__weights": "distance"
  },
  "best_cv_score": 0.9835440596532031,
  "fit_seconds": 91.39996218681335,
  "n_train_used": 200000,
  "n_test": 424612,
  "test_metrics": {
    "accuracy": 0.9898071651295771,
    "precision": 0.9596018124717526,
    "recall": 0.9899338888423972,
    "f1": 0.9745318881003661,
    "auc": 0.9958029516734479,
    "tpr": 0.9899338888423972,
    "fpr": 0.01022392327658264,
    "confusion_matrix": {
      "tn": 337479,
      "fp": 3486,
      "fn": 842,
      "tp": 82805
    }
  },
  "saved_at": "2026-04-27"
}