{
  "name": "mlp",
  "best_params": {
    "clf__alpha": 0.001,
    "clf__hidden_layer_sizes": [
      128,
      64
    ]
  },
  "best_cv_score": 0.9914202758467081,
  "fit_seconds": 3394.4374525547028,
  "n_train_used": 1981520,
  "n_test": 424612,
  "test_metrics": {
    "accuracy": 0.9945950656128418,
    "precision": 0.9767016688543034,
    "recall": 0.9963298145779287,
    "f1": 0.9864181091877496,
    "auc": 0.9998276149038703,
    "tpr": 0.9963298145779287,
    "fpr": 0.0058305104629507425,
    "confusion_matrix": {
      "tn": 338977,
      "fp": 1988,
      "fn": 307,
      "tp": 83340
    }
  },
  "saved_at": "2026-04-26"
}