{
  "name": "naive_bayes",
  "best_params": {
    "clf__var_smoothing": 1e-07
  },
  "best_cv_score": 0.4804576171420611,
  "fit_seconds": 464.211852312088,
  "n_train_used": 1981520,
  "n_test": 424612,
  "test_metrics": {
    "accuracy": 0.49218580727817396,
    "precision": 0.2771494473356275,
    "recall": 0.9811110978277763,
    "f1": 0.43220682645263564,
    "auc": 0.7358023572560464,
    "tpr": 0.9811110978277763,
    "fpr": 0.6277594474506181,
    "confusion_matrix": {
      "tn": 126921,
      "fp": 214044,
      "fn": 1580,
      "tp": 82067
    }
  },
  "saved_at": "2026-04-26"
}