{
  "name": "random_forest",
  "best_params": {
    "clf__max_depth": null,
    "clf__min_samples_leaf": 1,
    "clf__n_estimators": 300
  },
  "best_cv_score": 0.9984688540613952,
  "fit_seconds": 4021.788430213928,
  "n_train_used": 1981520,
  "n_test": 424612,
  "test_metrics": {
    "accuracy": 0.9990885796915773,
    "precision": 0.9961622807017544,
    "recall": 0.9992229249106364,
    "f1": 0.9976902555042942,
    "auc": 0.9999636094126907,
    "tpr": 0.9992229249106364,
    "fpr": 0.0009443784552666696,
    "confusion_matrix": {
      "tn": 340643,
      "fp": 322,
      "fn": 65,
      "tp": 83582
    }
  },
  "saved_at": "2026-04-26"
}