{
  "name": "svm_rbf",
  "best_params": {
    "clf__C": 10.0,
    "clf__gamma": "scale"
  },
  "best_cv_score": 0.9493319473181607,
  "fit_seconds": 6285.396516561508,
  "n_train_used": 100000,
  "n_test": 424612,
  "test_metrics": {
    "accuracy": 0.9653236366376834,
    "precision": 0.8622150282212716,
    "recall": 0.9806926727796573,
    "f1": 0.9176454795623867,
    "auc": 0.9957641847418857,
    "tpr": 0.9806926727796573,
    "fpr": 0.03844676139779743,
    "confusion_matrix": {
      "tn": 327856,
      "fp": 13109,
      "fn": 1615,
      "tp": 82032
    }
  },
  "saved_at": "2026-04-27"
}